{
    "type": "botanypots:crop",
    "conditions": [
        {
            "type": "forge:mod_loaded",
            "modid": "environmental"
        }
    ],
    "seed": {
        "item": "environmental:bird_of_paradise"
    },
    "categories": [
        "dirt"
    ],
    "growthTicks": 1200,
    "display": [
        {
            "block": "environmental:bird_of_paradise",
            "properties": {
                "half": "lower"
            }
        },
        {
            "block": "environmental:bird_of_paradise",
            "properties": {
                "half": "upper"
            }
        }
    ],
    "results": [
        {
            "chance": 0.75,
            "output": {
                "item": "environmental:bird_of_paradise"
            },
            "minRolls": 1,
            "maxRolls": 1
        },
        {
            "chance": 0.05,
            "output": {
                "item": "environmental:bird_of_paradise"
            },
            "minRolls": 1,
            "maxRolls": 2
        }
    ]
}