{
    "type": "botanypots:crop",
    "conditions": [
        {
            "type": "forge:mod_loaded",
            "modid": "upgrade_aquatic"
        }
    ],
    "seed": {
        "item": "upgrade_aquatic:flowering_rush"
    },
    "categories": [
        "sand"
    ],
    "growthTicks": 1200,
    "display": {
        "block": "upgrade_aquatic:flowering_rush"
    },
    "results": [
        {
            "chance": 0.65,
            "output": {
                "item": "upgrade_aquatic:flowering_rush"
            },
            "minRolls": 1,
            "maxRolls": 1
        }
    ]
}