{
    "type": "botanypots:crop",
    "conditions": [
        {
            "type": "forge:mod_loaded",
            "modid": "atmospheric"
        }
    ],
    "seed": {
        "item": "atmospheric:hot_monkey_brush"
    },
    "categories": [
        "dirt"
    ],
    "growthTicks": 1200,
    "display": {
        "block": "atmospheric:hot_monkey_brush"
    },
    "results": [
        {
            "chance": 0.65,
            "output": {
                "item": "atmospheric:hot_monkey_brush"
            },
            "minRolls": 1,
            "maxRolls": 1
        }
    ]
}